trial_id,epoch,train_HuberLoss,train_MSE,train_MAE,val_HuberLoss,val_MSE,val_MAE,hidden_size,num_layers,learning_rate,batch_size,window_size,train_l1,train_mse,train_mae,val_l1,val_mse,val_mae,dropout
1,1,42.14609790298174,3739.83097752985,42.642456972374106,35.87654495239258,1323.36181640625,36.37654495239258,160,2,0.0026159368772223804,64,8,,,,,,,0.30000000000000004
1,2,36.20456178233309,2641.8443799288766,36.70203428448371,44.782941818237305,2050.6524658203125,45.282941818237305,160,2,0.0026159368772223804,64,8,,,,,,,0.30000000000000004
1,3,35.93453526047041,2502.4932060961455,36.427429496117355,46.033010482788086,2165.4287109375,46.533010482788086,160,2,0.0026159368772223804,64,8,,,,,,,0.30000000000000004
1,4,35.93483204211829,2496.460242793245,36.42675312510077,46.029314041137695,2165.084228515625,46.529314041137695,160,2,0.0026159368772223804,64,8,,,,,,,0.30000000000000004
1,5,35.93394069851569,2496.730983230303,36.42560857197024,46.029701232910156,2165.1204223632812,46.529701232910156,160,2,0.0026159368772223804,64,8,,,,,,,0.30000000000000004
1,6,35.9325835389911,2497.0835117843917,36.4238174006624,46.032986640930176,2165.4257202148438,46.532986640930176,160,2,0.0026159368772223804,64,8,,,,,,,0.30000000000000004
1,7,35.93092473947777,2497.520083157521,36.421656833504734,46.035216331481934,2165.6332397460938,46.535216331481934,160,2,0.0026159368772223804,64,8,,,,,,,0.30000000000000004
1,8,35.929434254484356,2497.8112689324144,36.419649843899705,46.0390100479126,2165.9864501953125,46.5390100479126,160,2,0.0026159368772223804,64,8,,,,,,,0.30000000000000004
1,9,35.92835066453466,2498.1723926472214,36.41813442842016,46.02469825744629,2164.6542358398438,46.52469825744629,160,2,0.0026159368772223804,64,8,,,,,,,0.30000000000000004
1,10,35.92735842039,2498.9397297985147,36.41695660465169,46.03580379486084,2165.6876831054688,46.53580379486084,160,2,0.0026159368772223804,64,8,,,,,,,0.30000000000000004
1,11,35.92698722515466,2499.156960109495,36.4165708433907,46.03580379486084,2165.6876831054688,46.53580379486084,160,2,0.0026159368772223804,64,8,,,,,,,0.30000000000000004
1,12,35.92738162346606,2498.8622615022477,36.41700609674994,46.03744125366211,2165.8402099609375,46.53744125366211,160,2,0.0026159368772223804,64,8,,,,,,,0.30000000000000004
1,13,35.92841135780766,2498.4630216202645,36.41805402287897,46.034905433654785,2165.603759765625,46.534905433654785,160,2,0.0026159368772223804,64,8,,,,,,,0.30000000000000004
1,14,35.92982358752557,2497.907085202775,36.41997656732235,46.04092597961426,2166.164306640625,46.54092597961426,160,2,0.0026159368772223804,64,8,,,,,,,0.30000000000000004
1,15,35.93190465783173,2497.253455971772,36.42299795150757,46.00990009307861,2163.2769775390625,46.50990009307861,160,2,0.0026159368772223804,64,8,,,,,,,0.30000000000000004
1,16,35.93441366699507,2496.170669555664,36.426191365943765,46.04270362854004,2166.328857421875,46.54270362854004,160,2,0.0026159368772223804,64,8,,,,,,,0.30000000000000004
1,17,35.93557894004966,2495.677317205465,36.42776895019243,46.0973424911499,2171.4163208007812,46.5973424911499,160,2,0.0026159368772223804,64,8,,,,,,,0.30000000000000004
1,18,35.93281022557672,2492.0187844330408,36.42576399389303,46.06660079956055,2168.56689453125,46.56660079956055,160,2,0.0026159368772223804,64,8,,,,,,,0.30000000000000004
1,19,28.212789157651507,1998.0196760645454,28.702671401905565,9.55552625656128,101.25497055053711,10.05552625656128,160,2,0.0026159368772223804,64,8,,,,,,,0.30000000000000004
1,20,15.662828180025208,898.5230438664274,16.145564353690958,5.815216541290283,39.97895336151123,6.315216541290283,160,2,0.0026159368772223804,64,8,,,,,,,0.30000000000000004
1,21,11.859247808186513,526.9258064413971,12.340865000238958,6.431321978569031,48.14058303833008,6.931321978569031,160,2,0.0026159368772223804,64,8,,,,,,,0.30000000000000004
1,22,9.045007001678899,344.2849235174791,9.519297170189192,7.098100185394287,57.80082607269287,7.598100185394287,160,2,0.0026159368772223804,64,8,,,,,,,0.30000000000000004
1,23,7.788978099822998,253.4347205072079,8.262030918643159,6.932644724845886,55.29586124420166,7.432644963264465,160,2,0.0026159368772223804,64,8,,,,,,,0.30000000000000004
1,24,7.063686701486695,211.94727715906106,7.533779049819371,9.559955596923828,101.71914672851562,10.059955596923828,160,2,0.0026159368772223804,64,8,,,,,,,0.30000000000000004
1,25,6.081230647159073,176.52239835487222,6.548105599745265,9.961641788482666,109.99612998962402,10.461642026901245,160,2,0.0026159368772223804,64,8,,,,,,,0.30000000000000004
1,26,5.5337745221156,149.7194929482802,5.995618080193141,11.60330057144165,148.78691864013672,12.10330057144165,160,2,0.0026159368772223804,64,8,,,,,,,0.30000000000000004
1,27,5.123412492140284,135.32570216790685,5.582632265000973,12.796274662017822,183.68808364868164,13.296274662017822,160,2,0.0026159368772223804,64,8,,,,,,,0.30000000000000004
1,28,4.909748571098976,127.52001059730098,5.367846819589722,12.920924663543701,187.19818115234375,13.420924663543701,160,2,0.0026159368772223804,64,8,,,,,,,0.30000000000000004
1,29,4.644355778424245,121.10060327907779,5.10004150080231,13.015869140625,190.64783096313477,13.515869140625,160,2,0.0026159368772223804,64,8,,,,,,,0.30000000000000004
1,30,4.578648786499815,117.74198982850561,5.033647865619299,12.85538911819458,186.10893630981445,13.35538935661316,160,2,0.0026159368772223804,64,8,,,,,,,0.30000000000000004
1,31,4.58488907679072,117.22460031959245,5.04105010684931,12.85538911819458,186.10893630981445,13.35538935661316,160,2,0.0026159368772223804,64,8,,,,,,,0.30000000000000004
1,32,4.557953932375278,118.26384147608056,5.01265540775263,12.99794864654541,190.39788055419922,13.49794864654541,160,2,0.0026159368772223804,64,8,,,,,,,0.30000000000000004
1,33,4.587795268814519,116.86492115596555,5.044971926032372,14.259776592254639,229.70989608764648,14.759776592254639,160,2,0.0026159368772223804,64,8,,,,,,,0.30000000000000004
1,34,4.5380645967879385,114.10897002130184,4.992884511092924,15.174921751022339,261.2632064819336,15.67492151260376,160,2,0.0026159368772223804,64,8,,,,,,,0.30000000000000004
1,35,4.60858425441778,109.37791164866033,5.066877247027631,10.926064014434814,140.99162101745605,11.426064014434814,160,2,0.0026159368772223804,64,8,,,,,,,0.30000000000000004
1,36,4.528598537984884,102.43650325739159,4.986628267000306,12.13461971282959,176.45159912109375,12.63461971282959,160,2,0.0026159368772223804,64,8,,,,,,,0.30000000000000004
1,37,4.643680887402229,98.89147598338577,5.103433656242658,18.4393892288208,389.41758728027344,18.9393892288208,160,2,0.0026159368772223804,64,8,,,,,,,0.30000000000000004
1,38,4.697755548189271,96.60891391646187,5.159962541652176,16.711816787719727,324.9832077026367,17.211816787719727,160,2,0.0026159368772223804,64,8,,,,,,,0.30000000000000004
1,39,5.00774716656163,100.26316489813463,5.471230097536771,11.199065923690796,146.41658973693848,11.699065923690796,160,2,0.0026159368772223804,64,8,,,,,,,0.30000000000000004
1,40,4.718797052806279,88.2500927043411,5.182266323071606,11.456715822219849,152.68432235717773,11.956715822219849,160,2,0.0026159368772223804,64,8,,,,,,,0.30000000000000004
1,41,4.4402966701759485,82.10922619981586,4.90020349565542,10.795822143554688,136.309476852417,11.295822381973267,160,2,0.0026159368772223804,64,8,,,,,,,0.30000000000000004
1,42,4.499187403130081,80.56727406663715,4.9620382898258715,10.86119818687439,139.99592208862305,11.36119818687439,160,2,0.0026159368772223804,64,8,,,,,,,0.30000000000000004
1,43,4.1218237460784195,72.21447569469235,4.582616501259354,15.922582149505615,297.22350311279297,16.422582149505615,160,2,0.0026159368772223804,64,8,,,,,,,0.30000000000000004
1,44,4.129943572125345,70.9344627137454,4.5884155192465155,14.830620288848877,256.33426666259766,15.330620288848877,160,2,0.0026159368772223804,64,8,,,,,,,0.30000000000000004
1,45,3.9772444884732083,67.19701528099348,4.433818277323021,10.251352548599243,122.90285301208496,10.751352548599243,160,2,0.0026159368772223804,64,8,,,,,,,0.30000000000000004
2,1,49.20574332183262,4731.338200407208,49.701180548038124,17.604637622833252,327.89379119873047,18.104637622833252,96,3,0.0013126589969416082,64,11,,,,,,,0.4
2,2,41.26237154906651,3696.043047059257,41.75791479506582,26.56273126602173,732.5072479248047,27.06273126602173,96,3,0.0013126589969416082,64,11,,,,,,,0.4
2,3,38.41080043000995,3203.266191590507,38.90767309800634,32.4426851272583,1085.3362426757812,32.9426851272583,96,3,0.0013126589969416082,64,11,,,,,,,0.4
2,4,37.1999679781356,2939.8805173478036,37.69711924498936,36.29337406158447,1353.8681335449219,36.79337406158447,96,3,0.0013126589969416082,64,11,,,,,,,0.4
2,5,36.62064744841378,2787.5165508918044,37.11814374743768,38.95884990692139,1557.1165771484375,39.45884990692139,96,3,0.0013126589969416082,64,11,,,,,,,0.4
2,6,36.32694865172764,2698.8465000368515,36.82457760145079,40.719682693481445,1699.177978515625,41.219682693481445,96,3,0.0013126589969416082,64,11,,,,,,,0.4
2,7,36.175820026757584,2647.6027141067216,36.67235387046382,41.71865272521973,1782.5304260253906,42.21865272521973,96,3,0.0013126589969416082,64,11,,,,,,,0.4
2,8,36.10699031937797,2621.1233520507812,36.605144878603376,42.276841163635254,1829.9739074707031,42.776841163635254,96,3,0.0013126589969416082,64,11,,,,,,,0.4
2,9,36.07485616432046,2607.6766754726195,36.572671980228066,42.52466106414795,1851.2370910644531,43.02466106414795,96,3,0.0013126589969416082,64,11,,,,,,,0.4
2,10,36.063175318376075,2602.5291370895675,36.56048951059017,42.5905704498291,1856.9129943847656,43.0905704498291,96,3,0.0013126589969416082,64,11,,,,,,,0.4
2,11,36.060934246711014,2601.481696650667,36.55809227925427,42.5905704498291,1856.9129943847656,43.0905704498291,96,3,0.0013126589969416082,64,11,,,,,,,0.4
2,12,36.05800485610962,2600.2482204797134,36.55494383146178,42.660027503967285,1862.9036254882812,43.160027503967285,96,3,0.0013126589969416082,64,11,,,,,,,0.4
2,13,36.044655430991696,2594.3319992929137,36.54054481578323,42.9296875,1886.2533264160156,43.4296875,96,3,0.0013126589969416082,64,11,,,,,,,0.4
2,14,36.01743675627798,2581.3361162869437,36.51270126846602,43.40434551239014,1927.7072448730469,43.90434646606445,96,3,0.0013126589969416082,64,11,,,,,,,0.4
2,15,35.98279218853644,2562.6842965180017,36.48068588184861,44.092854499816895,1988.6383361816406,44.592854499816895,96,3,0.0013126589969416082,64,11,,,,,,,0.4
2,16,35.945659853377435,2538.937521592626,36.443555660967554,44.933817863464355,2064.3474731445312,45.433817863464355,96,3,0.0013126589969416082,64,11,,,,,,,0.4
2,17,35.91594895776713,2514.032943725586,36.41221921848801,45.732359886169434,2137.5469360351562,46.232359886169434,96,3,0.0013126589969416082,64,11,,,,,,,0.4
2,18,35.906970653893815,2497.5253909129015,36.397614308123316,46.03755760192871,2165.8599243164062,46.53755760192871,96,3,0.0013126589969416082,64,11,,,,,,,0.4
2,19,35.90801658270494,2496.0584944239204,36.39826362537888,46.04354381561279,2166.417236328125,46.54354381561279,96,3,0.0013126589969416082,64,11,,,,,,,0.4
2,20,35.90833996826748,2495.9631341898216,36.39873026901821,46.03805446624756,2165.9063110351562,46.53805446624756,96,3,0.0013126589969416082,64,11,,,,,,,0.4
2,21,35.90850222785518,2495.9844210642686,36.39888843500389,46.044050216674805,2166.4644775390625,46.544050216674805,96,3,0.0013126589969416082,64,11,,,,,,,0.4
2,22,35.908567401598084,2495.6068981818435,36.39898938952752,46.05416011810303,2167.4055786132812,46.55416011810303,96,3,0.0013126589969416082,64,11,,,,,,,0.4
2,23,35.908298231520746,2495.897113440172,36.39870353014964,46.04641532897949,2166.6845703125,46.54641532897949,96,3,0.0013126589969416082,64,11,,,,,,,0.4
2,24,35.90792561477085,2495.9824752807617,36.39821674238961,46.04299831390381,2166.3665161132812,46.54299831390381,96,3,0.0013126589969416082,64,11,,,,,,,0.4
2,25,35.90742215570414,2496.163379597214,36.39751832890061,46.048285484313965,2166.8585815429688,46.548285484313965,96,3,0.0013126589969416082,64,11,,,,,,,0.4
2,26,35.906883464669285,2496.2154371153633,36.3968462044338,46.04714584350586,2166.7525634765625,46.54714584350586,96,3,0.0013126589969416082,64,11,,,,,,,0.4
3,1,48.04409368795241,4596.136254767106,48.53986301693306,9.5562424659729,110.92268753051758,10.0562424659729,96,2,0.000776299705773359,32,10,,,,,,,0.2
3,2,40.376415080933775,3556.7219596971267,40.871892223990926,14.53941535949707,248.41869735717773,15.03941524028778,96,2,0.000776299705773359,32,10,,,,,,,0.2
3,3,37.88185003018492,3092.58297483616,38.37830451314483,15.775704383850098,287.80563735961914,16.275704383850098,96,2,0.000776299705773359,32,10,,,,,,,0.2
3,4,33.22317843414596,2721.3399848395616,33.71339231644762,0.5948020815849304,1.305101789534092,1.0347969755530357,96,2,0.000776299705773359,32,10,,,,,,,0.2
3,5,26.736870663990906,2207.7890162535755,27.21849422771219,0.14720127545297146,0.2979622483253479,0.4415450990200043,96,2,0.000776299705773359,32,10,,,,,,,0.2
3,6,23.638815007503563,1891.2985239978086,24.117920884588884,0.37541667371988297,0.8278315961360931,0.7347312569618225,96,2,0.000776299705773359,32,10,,,,,,,0.2
3,7,21.6795657031344,1696.7046317873408,22.153681275968868,0.8415198996663094,2.0424577742815018,1.33169686794281,96,2,0.000776299705773359,32,10,,,,,,,0.2
3,8,20.529261100913676,1580.1641159238409,21.003629774843912,0.6935212910175323,1.6445709019899368,1.1636486649513245,96,2,0.000776299705773359,32,10,,,,,,,0.2
3,9,19.832702077395542,1515.7474150183077,20.306307121475726,0.6976706609129906,1.656540498137474,1.1684647649526596,96,2,0.000776299705773359,32,10,,,,,,,0.2
3,10,19.542517372782196,1489.1507354392825,20.013019197925008,0.7202958390116692,1.7178592681884766,1.1949876695871353,96,2,0.000776299705773359,32,10,,,,,,,0.2
3,11,19.471244589412382,1483.5622015586962,19.943034033074763,0.7202958390116692,1.7178592681884766,1.1949876695871353,96,2,0.000776299705773359,32,10,,,,,,,0.2
3,12,19.424657827305,1478.3438625154902,19.89630280738758,0.6753941997885704,1.598139539361,1.1416199952363968,96,2,0.000776299705773359,32,10,,,,,,,0.2
3,13,19.139754594784776,1450.7751244911085,19.609887360396545,0.5734190791845322,1.331390917301178,1.012588731944561,96,2,0.000776299705773359,32,10,,,,,,,0.2
3,14,18.43287188972907,1384.0381996733317,18.90407398865686,0.5682858005166054,1.3192361444234848,1.004810445010662,96,2,0.000776299705773359,32,10,,,,,,,0.2
3,15,17.349927986402648,1273.4449978778712,17.819618364081,0.5772074982523918,1.3556616455316544,1.0052175596356392,96,2,0.000776299705773359,32,10,,,,,,,0.2
3,16,15.949468113234822,1128.8772130509687,16.417393428454467,0.2771704476326704,0.5890982635319233,0.6255025714635849,96,2,0.000776299705773359,32,10,,,,,,,0.2
3,17,14.593246789905132,975.817233655125,15.063548928753459,0.887340672314167,2.335294246673584,1.347947433590889,96,2,0.000776299705773359,32,10,,,,,,,0.2
3,18,13.199199460694011,832.9954583769161,13.668150239646152,0.40146678127348423,0.8993089273571968,0.7785905078053474,96,2,0.000776299705773359,32,10,,,,,,,0.2
3,19,12.032968723378476,699.3940764332269,12.502036587321928,0.8657630458474159,2.3725666254758835,1.2939593493938446,96,2,0.000776299705773359,32,10,,,,,,,0.2
3,20,10.817335676807929,576.8973112309714,11.2869906719262,1.258792832493782,3.7875451743602753,1.7300832569599152,96,2,0.000776299705773359,32,10,,,,,,,0.2
3,21,9.769798573159493,475.8790924876787,10.240437681641058,1.6858080476522446,5.631390571594238,2.1773916482925415,96,2,0.000776299705773359,32,10,,,,,,,0.2
3,22,8.74371628060725,391.33777342927397,9.212404291211712,1.5450548082590103,5.195012867450714,2.017678901553154,96,2,0.000776299705773359,32,10,,,,,,,0.2
3,23,7.761947042569165,328.33944355255056,8.227495034159077,1.4970160275697708,5.023251473903656,1.9641719609498978,96,2,0.000776299705773359,32,10,,,,,,,0.2
3,24,7.182459370219877,288.87221946083537,7.644219154995199,1.683407336473465,5.941874325275421,2.1561772525310516,96,2,0.000776299705773359,32,10,,,,,,,0.2
3,25,6.6837841001167115,256.506769824367,7.145933524127255,1.6108597815036774,5.665353715419769,2.077298551797867,96,2,0.000776299705773359,32,10,,,,,,,0.2
3,26,6.410158390117482,242.0174345066197,6.867785883740791,1.5419396609067917,5.355281352996826,2.005535811185837,96,2,0.000776299705773359,32,10,,,,,,,0.2
3,27,6.308387064255809,231.98376265521298,6.769627830993508,1.3250660449266434,4.410490334033966,1.7763218134641647,96,2,0.000776299705773359,32,10,,,,,,,0.2
3,28,6.198066296735646,229.22283257127373,6.6560372583109055,1.5276573300361633,5.249194622039795,1.992640644311905,96,2,0.000776299705773359,32,10,,,,,,,0.2
3,29,6.10405493008582,226.68022770678263,6.560276913981867,1.4400874376296997,4.880955994129181,1.899677351117134,96,2,0.000776299705773359,32,10,,,,,,,0.2
3,30,6.062245713591011,226.61975593476498,6.5201689242186704,1.413311704993248,4.7736600041389465,1.871111735701561,96,2,0.000776299705773359,32,10,,,,,,,0.2
4,1,58.227039445121335,5769.413362323113,58.72703383103857,0.14943697676062584,0.2988739535212517,0.48818665742874146,96,1,9.50934997658444e-05,64,21,,,,,,,0.0
4,2,56.89843616845473,5625.606353183963,57.39755756450149,0.16196243092417717,0.32392486184835434,0.5077869594097137,96,1,9.50934997658444e-05,64,21,,,,,,,0.0
4,3,54.84329421565218,5402.255481647995,55.34154517695589,0.16801385954022408,0.33602771908044815,0.5169694796204567,96,1,9.50934997658444e-05,64,21,,,,,,,0.0
4,4,52.94525826652095,5182.993878058667,53.441647079755676,0.173072200268507,0.346144400537014,0.5244341790676117,96,1,9.50934997658444e-05,64,21,,,,,,,0.0
4,5,51.5498250925316,5017.84639869546,52.04585309298533,0.1777292639017105,0.355458527803421,0.5311500132083893,96,1,9.50934997658444e-05,64,21,,,,,,,0.0
4,6,50.569805793042455,4902.193664550781,51.06558580218621,0.18161683902144432,0.36323367804288864,0.5366907715797424,96,1,9.50934997658444e-05,64,21,,,,,,,0.0
4,7,50.047339853250755,4841.6081566000885,50.54242627125866,0.18412834405899048,0.36825668811798096,0.540256142616272,96,1,9.50934997658444e-05,64,21,,,,,,,0.0
4,8,49.7483726357514,4806.971914615271,50.24475644669443,0.18555762991309166,0.3711152598261833,0.5422695130109787,96,1,9.50934997658444e-05,64,21,,,,,,,0.0
4,9,49.58410662525105,4787.920069280661,50.079960625126674,0.18620405346155167,0.37240810692310333,0.5431762635707855,96,1,9.50934997658444e-05,64,21,,,,,,,0.0
4,10,49.51893119092257,4780.366442410451,50.01431486741552,0.18636855483055115,0.3727371096611023,0.5434068590402603,96,1,9.50934997658444e-05,64,21,,,,,,,0.0
4,11,49.50595866509204,4778.863269733933,50.00123506222131,0.18636855483055115,0.3727371096611023,0.5434068590402603,96,1,9.50934997658444e-05,64,21,,,,,,,0.0
4,12,49.493759479162826,4777.443430774617,49.988927445321714,0.18653368577361107,0.37306737154722214,0.5436384677886963,96,1,9.50934997658444e-05,64,21,,,,,,,0.0
4,13,49.43444971768361,4770.542428646448,49.92911220046709,0.18717416375875473,0.37434832751750946,0.5445356518030167,96,1,9.50934997658444e-05,64,21,,,,,,,0.0
4,14,49.288050453617885,4753.4897219100085,49.78190432854419,0.18852342665195465,0.3770468533039093,0.5464189052581787,96,1,9.50934997658444e-05,64,21,,,,,,,0.0
4,15,49.0319487733661,4723.56802540905,49.52693169071989,0.19068727269768715,0.3813745453953743,0.5494201257824898,96,1,9.50934997658444e-05,64,21,,,,,,,0.0
4,16,48.66011551191222,4680.068836140183,49.153657805244876,0.19362467154860497,0.38724934309720993,0.5534560680389404,96,1,9.50934997658444e-05,64,21,,,,,,,0.0
4,17,48.1932369448104,4625.159352428508,48.6865821334551,0.1966358721256256,0.3932717442512512,0.5575371906161308,96,1,9.50934997658444e-05,64,21,,,,,,,0.0
4,18,47.65189293195616,4560.697565042748,48.146070264420416,0.20023908466100693,0.40047816932201385,0.5623547285795212,96,1,9.50934997658444e-05,64,21,,,,,,,0.0
4,19,47.06175462254938,4489.313263515256,47.55705941398189,0.20429585129022598,0.40859170258045197,0.56772430986166,96,1,9.50934997658444e-05,64,21,,,,,,,0.0
4,20,46.420008029577865,4411.082084223909,46.91450129814868,0.20693987607955933,0.41387975215911865,0.5710810571908951,96,1,9.50934997658444e-05,64,21,,,,,,,0.0
4,21,45.76241514817724,4328.355507904628,46.25730895996094,0.2081858068704605,0.4163716286420822,0.5725004076957703,96,1,9.50934997658444e-05,64,21,,,,,,,0.0
4,22,45.184233683460164,4255.145255610628,45.68001102951338,0.20541586354374886,0.4108318015933037,0.5684904530644417,96,1,9.50934997658444e-05,64,21,,,,,,,0.0
4,23,44.66246576129266,4189.0037841796875,45.15671118250433,0.20065109431743622,0.40130220353603363,0.5616344511508942,96,1,9.50934997658444e-05,64,21,,,,,,,0.0
4,24,44.21161518456801,4132.068514841907,44.705853156323705,0.19584276154637337,0.39168552309274673,0.5546639114618301,96,1,9.50934997658444e-05,64,21,,,,,,,0.0
4,25,43.840255089525904,4085.3982820330925,44.33458637741377,0.19203606992959976,0.3840721398591995,0.5491977259516716,96,1,9.50934997658444e-05,64,21,,,,,,,0.0
4,26,43.548991437228224,4049.0132285064124,44.04287341855607,0.18935909867286682,0.37871819734573364,0.5452680215239525,96,1,9.50934997658444e-05,64,21,,,,,,,0.0
5,1,58.269813935338604,5778.762127193794,58.769813899180335,0.281203793361783,0.5624248050153255,0.6821164190769196,128,2,1.6203938430499975e-05,32,24,,,,,,,0.4
5,2,55.525894363909536,5463.705101266291,56.024558659413415,0.28076731227338314,0.5615574605762959,0.6808433532714844,128,2,1.6203938430499975e-05,32,24,,,,,,,0.4
5,3,53.169455487581224,5199.503203911804,53.66686366293668,0.27670492604374886,0.5534210875630379,0.6752461418509483,128,2,1.6203938430499975e-05,32,24,,,,,,,0.4
5,4,52.12038021178042,5082.70349178947,52.61643646565659,0.2752396594733,0.5504877083003521,0.6731883510947227,128,2,1.6203938430499975e-05,32,24,,,,,,,0.4
5,5,51.51887149720395,5015.415436514181,52.015277238818705,0.27526484429836273,0.5505385473370552,0.6731525212526321,128,2,1.6203938430499975e-05,32,24,,,,,,,0.4
5,6,51.12888093921246,4971.571894207272,51.623985435160414,0.27552811056375504,0.5510660260915756,0.6734565198421478,128,2,1.6203938430499975e-05,32,24,,,,,,,0.4
5,7,50.880085958688746,4943.5868423244965,51.375517659842686,0.27590133622288704,0.551813617348671,0.6739242374897003,128,2,1.6203938430499975e-05,32,24,,,,,,,0.4
5,8,50.73145428879001,4926.749224188204,51.22760270105154,0.276169016957283,0.5523498207330704,0.6742636263370514,128,2,1.6203938430499975e-05,32,24,,,,,,,0.4
5,9,50.65247209377198,4917.867295107006,51.148722101726804,0.27628996036946774,0.5525920875370502,0.6744171902537346,128,2,1.6203938430499975e-05,32,24,,,,,,,0.4
5,10,50.622445779954084,4914.445452504813,51.11867703984699,0.27631899900734425,0.5526502691209316,0.6744538247585297,128,2,1.6203938430499975e-05,32,24,,,,,,,0.4
5,11,50.616446219349356,4913.836193211271,51.11279533711655,0.27631899900734425,0.5526502691209316,0.6744538247585297,128,2,1.6203938430499975e-05,32,24,,,,,,,0.4
5,12,50.60991713899007,4912.989529722675,51.10620699335613,0.27633920684456825,0.5526907593011856,0.6744789704680443,128,2,1.6203938430499975e-05,32,24,,,,,,,0.4
5,13,50.57984769739811,4909.623940707383,51.076131486214734,0.27640368044376373,0.5528199449181557,0.6745572239160538,128,2,1.6203938430499975e-05,32,24,,,,,,,0.4
5,14,50.50556385347628,4901.1529801355155,51.00171420924472,0.2765526305884123,0.5531184040009975,0.6747397556900978,128,2,1.6203938430499975e-05,32,24,,,,,,,0.4
5,15,50.373248068642276,4886.120533152214,50.868878079816625,0.27689341455698013,0.5538012087345123,0.6751668080687523,128,2,1.6203938430499975e-05,32,24,,,,,,,0.4
5,16,50.18086935106612,4864.283144114706,50.67549149572002,0.2775641679763794,0.5551452189683914,0.6760207340121269,128,2,1.6203938430499975e-05,32,24,,,,,,,0.4
5,17,49.93555106031951,4836.329044866336,50.43123407047507,0.2786314934492111,0.5572843104600906,0.6773881986737251,128,2,1.6203938430499975e-05,32,24,,,,,,,0.4
5,18,49.64330968811614,4802.84610520494,50.13945161900814,0.28009939193725586,0.5602271556854248,0.6792719960212708,128,2,1.6203938430499975e-05,32,24,,,,,,,0.4
5,19,49.31224293279422,4764.832588376592,49.806680869152196,0.28190777264535427,0.5638541914522648,0.6815913245081902,128,2,1.6203938430499975e-05,32,24,,,,,,,0.4
5,20,48.964708138416164,4724.688113244224,49.45989831137996,0.28391024097800255,0.5678725615143776,0.6841534078121185,128,2,1.6203938430499975e-05,32,24,,,,,,,0.4
5,21,48.611572464495474,4683.569557515366,49.10497323709642,0.2860515993088484,0.5721720941364765,0.686886228621006,128,2,1.6203938430499975e-05,32,24,,,,,,,0.4
5,22,48.27251386416467,4643.731137533324,48.765090824868444,0.288066066801548,0.5762194097042084,0.689446784555912,128,2,1.6203938430499975e-05,32,24,,,,,,,0.4
5,23,47.96266299966387,4606.99728784064,48.45730042118597,0.2899304684251547,0.579967487603426,0.6918087229132652,128,2,1.6203938430499975e-05,32,24,,,,,,,0.4
5,24,47.68815473583637,4574.141122537767,48.18161587466561,0.2915658298879862,0.5832570157945156,0.6938763335347176,128,2,1.6203938430499975e-05,32,24,,,,,,,0.4
5,25,47.46279390163331,4546.962070266218,47.956937274661676,0.29290005192160606,0.5859422013163567,0.695569820702076,128,2,1.6203938430499975e-05,32,24,,,,,,,0.4
5,26,47.28542190479441,4525.448093504702,47.781007016439574,0.2939215339720249,0.5879989638924599,0.6968630626797676,128,2,1.6203938430499975e-05,32,24,,,,,,,0.4
5,27,47.15596569657891,4509.7032540127,47.65176918608317,0.2946266308426857,0.5894190892577171,0.6977550834417343,128,2,1.6203938430499975e-05,32,24,,,,,,,0.4
5,28,47.071631544574174,4499.417564934464,47.56720535676061,0.29504704661667347,0.5902660675346851,0.6982861086726189,128,2,1.6203938430499975e-05,32,24,,,,,,,0.4
5,29,47.025455022875164,4493.787910063685,47.520761842411275,0.29523662105202675,0.5906480550765991,0.6985253691673279,128,2,1.6203938430499975e-05,32,24,,,,,,,0.4
5,30,47.007046893874616,4491.533943067795,47.50222063290564,0.2952850144356489,0.5907455198466778,0.6985865235328674,128,2,1.6203938430499975e-05,32,24,,,,,,,0.4
6,1,59.069853872623085,5865.390247272995,59.569853800647664,0.17262382805347443,0.34524765610694885,0.5226517617702484,64,1,9.693172280040802e-05,128,20,,,,,,,0.30000000000000004
6,2,58.71080477732532,5824.480878721993,59.21080477732532,0.1757252812385559,0.3514505624771118,0.5274127125740051,64,1,9.693172280040802e-05,128,20,,,,,,,0.30000000000000004
6,3,58.30913047070773,5779.2208827756485,58.809130398732314,0.17861313372850418,0.35722626745700836,0.5317449867725372,64,1,9.693172280040802e-05,128,20,,,,,,,0.30000000000000004
6,4,57.854774475097656,5729.3384433962265,58.354680331248154,0.18080347776412964,0.3616069555282593,0.5349545329809189,64,1,9.693172280040802e-05,128,20,,,,,,,0.30000000000000004
6,5,57.38378639940946,5678.553047612028,57.88288281998545,0.18245527893304825,0.3649105578660965,0.5373373180627823,64,1,9.693172280040802e-05,128,20,,,,,,,0.30000000000000004
6,6,56.993119725641215,5636.158014261498,57.49230856265662,0.1837131530046463,0.3674263060092926,0.5391475111246109,64,1,9.693172280040802e-05,128,20,,,,,,,0.30000000000000004
6,7,56.705088633411336,5604.064821639151,57.20416583655015,0.18459590524435043,0.36919181048870087,0.5404158234596252,64,1,9.693172280040802e-05,128,20,,,,,,,0.30000000000000004
6,8,56.515838695022296,5582.760364460495,57.01465153244307,0.18515247851610184,0.3703049570322037,0.5412150323390961,64,1,9.693172280040802e-05,128,20,,,,,,,0.30000000000000004
6,9,56.41703127015312,5571.66901901533,56.915848282148254,0.1854187771677971,0.3708375543355942,0.5415973961353302,64,1,9.693172280040802e-05,128,20,,,,,,,0.30000000000000004
6,10,56.37992283083358,5567.498908276828,56.8788099468879,0.18549058586359024,0.3709811717271805,0.541700541973114,64,1,9.693172280040802e-05,128,20,,,,,,,0.30000000000000004
6,11,56.37262639459574,5566.678061431309,56.87152596239774,0.18549058586359024,0.3709811717271805,0.541700541973114,64,1,9.693172280040802e-05,128,20,,,,,,,0.30000000000000004
6,12,56.36595923945589,5565.930161961969,56.86487003542342,0.1855698972940445,0.371139794588089,0.5418146252632141,64,1,9.693172280040802e-05,128,20,,,,,,,0.30000000000000004
6,13,56.33367999094837,5562.304650648585,56.83263901044737,0.1858903095126152,0.3717806190252304,0.5422753989696503,64,1,9.693172280040802e-05,128,20,,,,,,,0.30000000000000004
6,14,56.25369457028947,5553.296529517984,56.75273823288252,0.1865948885679245,0.373189777135849,0.5432868599891663,64,1,9.693172280040802e-05,128,20,,,,,,,0.30000000000000004
6,15,56.10819561076614,5536.834882628243,56.607266624018834,0.1877848356962204,0.3755696713924408,0.544988751411438,64,1,9.693172280040802e-05,128,20,,,,,,,0.30000000000000004
6,16,55.87588983211877,5510.428885981722,56.37464041080115,0.18954595178365707,0.37909190356731415,0.547490268945694,64,1,9.693172280040802e-05,128,20,,,,,,,0.30000000000000004
6,17,55.48859002455225,5466.145544663915,55.98658111860167,0.19245702028274536,0.3849140405654907,0.5515909492969513,64,1,9.693172280040802e-05,128,20,,,,,,,0.30000000000000004
6,18,54.89425594401809,5399.4513515256485,55.39264499016528,0.19685904681682587,0.39371809363365173,0.5577308237552643,64,1,9.693172280040802e-05,128,20,,,,,,,0.30000000000000004
6,19,54.210732801905216,5321.777532613502,54.70880616385982,0.20166272670030594,0.4033254534006119,0.564389705657959,64,1,9.693172280040802e-05,128,20,,,,,,,0.30000000000000004
6,20,53.43845014752082,5234.097679282135,53.93583340914744,0.20796512812376022,0.41593025624752045,0.5731043219566345,64,1,9.693172280040802e-05,128,20,,,,,,,0.30000000000000004
6,21,52.60406083880731,5137.895351193986,53.10083194948592,0.2152141109108925,0.430428221821785,0.5830600261688232,64,1,9.693172280040802e-05,128,20,,,,,,,0.30000000000000004
6,22,51.850811220564935,5049.20361328125,52.3461509560639,0.2218155711889267,0.4436311423778534,0.5920332968235016,64,1,9.693172280040802e-05,128,20,,,,,,,0.30000000000000004
6,23,51.24872905803176,4979.329995209316,51.744254490114606,0.22745009511709213,0.4549008756875992,0.5996323227882385,64,1,9.693172280040802e-05,128,20,,,,,,,0.30000000000000004
6,24,50.76576808713517,4922.786625700177,51.26140630470132,0.23184607177972794,0.46369577944278717,0.6055592894554138,64,1,9.693172280040802e-05,128,20,,,,,,,0.30000000000000004
6,25,50.39276079861623,4879.02266822671,50.88859781229271,0.23529566824436188,0.4705999493598938,0.6101638674736023,64,1,9.693172280040802e-05,128,20,,,,,,,0.30000000000000004
6,26,50.1297739856648,4848.586043447818,50.62443412924713,0.2378169149160385,0.4756481349468231,0.6135046482086182,64,1,9.693172280040802e-05,128,20,,,,,,,0.30000000000000004
7,1,50.523815127910595,4896.761067901178,51.01940498532842,0.2768464367836714,0.5546463169157505,0.6599544659256935,64,2,0.0007652757463277125,32,19,,,,,,,0.0
7,2,43.19136438776531,3987.821472457235,43.68614401071557,0.32322508469223976,0.6519428342580795,0.7140783369541168,64,2,0.0007652757463277125,32,19,,,,,,,0.0
7,3,40.05930362719495,3505.5437000148104,40.555579153847354,0.3692641258239746,0.7519030719995499,0.7678541988134384,64,2,0.0007652757463277125,32,19,,,,,,,0.0
7,4,37.22623056710049,3180.00760249278,37.721066334801264,0.18744886945933104,0.37490434758365154,0.5391032434999943,64,2,0.0007652757463277125,32,19,,,,,,,0.0
7,5,31.83711808100696,2781.2449847036064,32.31924070566186,0.13208739459514618,0.2662327103316784,0.3986009545624256,64,2,0.0007652757463277125,32,19,,,,,,,0.0
7,6,28.82747215795291,2487.135290715367,29.297647037777292,0.8145033642649651,1.9524720907211304,1.3052173256874084,64,2,0.0007652757463277125,32,19,,,,,,,0.0
7,7,26.902487442956716,2296.623230848267,27.365840364971433,1.1341462880373,2.963992953300476,1.6333483159542084,64,2,0.0007652757463277125,32,19,,,,,,,0.0
7,8,25.68921942055508,2180.681284321428,26.14582367304942,1.3642321974039078,3.7948085963726044,1.864230439066887,64,2,0.0007652757463277125,32,19,,,,,,,0.0
7,9,25.04940410812884,2119.438516481228,25.50055536387656,1.5042810589075089,4.349487066268921,2.0042810440063477,64,2,0.0007652757463277125,32,19,,,,,,,0.0
7,10,24.846127785777593,2095.4465514268923,25.302596015387802,1.5292056202888489,4.453738510608673,2.02920563519001,64,2,0.0007652757463277125,32,19,,,,,,,0.0
7,11,24.784268948704145,2090.2582332376055,25.23705974687332,1.5292056202888489,4.453738510608673,2.02920563519001,64,2,0.0007652757463277125,32,19,,,,,,,0.0
7,12,24.738349995906884,2085.3319178576717,25.19274904603642,1.5532204508781433,4.555371403694153,2.0532203763723373,64,2,0.0007652757463277125,32,19,,,,,,,0.0
7,13,24.443371352426247,2059.9798275192766,24.892720986316554,1.645782321691513,4.955860495567322,2.1457823514938354,64,2,0.0007652757463277125,32,19,,,,,,,0.0
7,14,23.844875966203155,1998.792701685033,24.291978153572263,1.7466164529323578,5.424937546253204,2.246616393327713,64,2,0.0007652757463277125,32,19,,,,,,,0.0
7,15,22.863447101195277,1894.0899320484903,23.31327773496438,2.1435388028621674,7.426642894744873,2.6435388028621674,64,2,0.0007652757463277125,32,19,,,,,,,0.0
7,16,21.528340900113797,1745.1992180268346,21.9840294309137,2.8069779574871063,11.546002864837646,3.3069779872894287,64,2,0.0007652757463277125,32,19,,,,,,,0.0
7,17,19.791119594709567,1563.8340442530916,20.247105174720005,2.8114868104457855,11.801636815071106,3.3114868104457855,64,2,0.0007652757463277125,32,19,,,,,,,0.0
7,18,18.087940680472208,1373.7302728987418,18.548600977630976,2.994882106781006,13.317167043685913,3.494882047176361,64,2,0.0007652757463277125,32,19,,,,,,,0.0
7,19,16.2700976353686,1192.9511923089412,16.72649194787464,3.72278168797493,19.46444058418274,4.222781598567963,64,2,0.0007652757463277125,32,19,,,,,,,0.0
7,20,14.76124675635478,1035.203943826576,15.214585089005565,4.637909829616547,28.749512434005737,5.137909829616547,64,2,0.0007652757463277125,32,19,,,,,,,0.0
7,21,13.420513286974758,900.0678679513705,13.878873380439542,5.110064625740051,34.27172660827637,5.610064685344696,64,2,0.0007652757463277125,32,19,,,,,,,0.0
7,22,12.1117242820455,786.2888905945547,12.559302680300311,5.07142037153244,34.08996057510376,5.571420311927795,64,2,0.0007652757463277125,32,19,,,,,,,0.0
7,23,11.168286283716771,692.8215279172382,11.613554883342218,5.66996157169342,41.70355987548828,6.169961512088776,64,2,0.0007652757463277125,32,19,,,,,,,0.0
7,24,10.335252782179847,619.0879214759121,10.780755443030625,5.697223246097565,42.089186668395996,6.1972233057022095,64,2,0.0007652757463277125,32,19,,,,,,,0.0
7,25,9.489541028913164,557.392113287867,9.924993168121265,6.154178321361542,48.08587598800659,6.6541783809661865,64,2,0.0007652757463277125,32,19,,,,,,,0.0
7,26,9.118026916732155,518.6295204173897,9.554306641009182,6.337556064128876,50.8252387046814,6.8375561237335205,64,2,0.0007652757463277125,32,19,,,,,,,0.0
7,27,8.71572417077295,488.5380263916124,9.147336874527953,6.556723356246948,54.091877937316895,7.056723356246948,64,2,0.0007652757463277125,32,19,,,,,,,0.0
7,28,8.470207221982603,470.16001344461574,8.898624457454229,6.690119028091431,56.04831314086914,7.190119028091431,64,2,0.0007652757463277125,32,19,,,,,,,0.0
7,29,8.335538000292123,464.32841482659654,8.759345195869699,6.751884996891022,56.961265563964844,7.251884996891022,64,2,0.0007652757463277125,32,19,,,,,,,0.0
7,30,8.254869713319986,461.9833221288654,8.677054699280816,6.77167421579361,57.28579092025757,7.27167421579361,64,2,0.0007652757463277125,32,19,,,,,,,0.0
8,1,56.53032698721256,5572.014689895342,57.02956541529242,4.362424850463867,23.825949668884277,4.862424850463867,32,2,0.0016473441898054786,128,13,,,,,,,0.30000000000000004
8,2,51.79069972488115,5037.188020526238,52.28718905179006,8.269769668579102,77.0820083618164,8.769769668579102,32,2,0.0016473441898054786,128,13,,,,,,,0.30000000000000004
8,3,49.0195566573233,4722.550223872347,49.514093147133885,10.947858333587646,131.23670196533203,11.447858333587646,32,2,0.0016473441898054786,128,13,,,,,,,0.30000000000000004
8,4,47.05649141995412,4489.316355579304,47.5512276415555,13.064890384674072,184.19718170166016,13.564890384674072,32,2,0.0016473441898054786,128,13,,,,,,,0.30000000000000004
8,5,45.65936401655089,4315.339373894458,46.15416839887511,14.691595554351807,230.98113250732422,15.191595554351807,32,2,0.0016473441898054786,128,13,,,,,,,0.30000000000000004
8,6,44.68171490363355,4189.116708431604,45.176357053360846,15.886359214782715,268.7133483886719,16.386359214782715,32,2,0.0016473441898054786,128,13,,,,,,,0.30000000000000004
8,7,44.031902961011205,4102.6227382443985,44.525719120817364,16.681358337402344,295.4021453857422,17.181358337402344,32,2,0.0016473441898054786,128,13,,,,,,,0.30000000000000004
8,8,43.638405134093084,4048.9550550928657,44.13376379912754,17.150087356567383,311.7300567626953,17.650087356567383,32,2,0.0016473441898054786,128,13,,,,,,,0.30000000000000004
8,9,43.42956852463057,4020.045041642099,43.92350365980616,17.36427879333496,319.3375701904297,17.86427879333496,32,2,0.0016473441898054786,128,13,,,,,,,0.30000000000000004
8,10,43.34843675145563,4008.723549896816,43.843359461370504,17.41945743560791,321.312255859375,17.91945743560791,32,2,0.0016473441898054786,128,13,,,,,,,0.30000000000000004
8,11,43.33163732852576,4006.390049196639,43.82671190657705,17.41945743560791,321.312255859375,17.91945743560791,32,2,0.0016473441898054786,128,13,,,,,,,0.30000000000000004
8,12,43.31528573665979,4004.0817364386794,43.810430778647365,17.47627830505371,323.3519592285156,17.97627830505371,32,2,0.0016473441898054786,128,13,,,,,,,0.30000000000000004
8,13,43.23367374348191,3992.660483306309,43.729013119103776,17.69978618621826,331.43812561035156,18.19978618621826,32,2,0.0016473441898054786,128,13,,,,,,,0.30000000000000004
8,14,43.02937144153523,3963.7804623010024,43.52371187030145,18.181979179382324,349.22349548339844,18.681979179382324,32,2,0.0016473441898054786,128,13,,,,,,,0.30000000000000004
8,15,42.674461004868995,3912.831552181604,43.169306413182674,18.95738697052002,378.7991485595703,19.45738697052002,32,2,0.0016473441898054786,128,13,,,,,,,0.30000000000000004
8,16,42.16914835516012,3838.4440941000885,42.66394856290997,20.052749633789062,422.6270446777344,20.552749633789062,32,2,0.0016473441898054786,128,13,,,,,,,0.30000000000000004
8,17,41.54525555304761,3743.7374313642395,42.04055181539284,21.3333683013916,476.9128875732422,21.8333683013916,32,2,0.0016473441898054786,128,13,,,,,,,0.30000000000000004
8,18,40.85768796812813,3635.485955004422,41.35325449817586,22.704696655273438,538.6847839355469,23.204696655273438,32,2,0.0016473441898054786,128,13,,,,,,,0.30000000000000004
8,19,40.164704736673606,3521.3913896668632,40.66091810982182,23.509499549865723,576.73486328125,24.009499549865723,32,2,0.0016473441898054786,128,13,,,,,,,0.30000000000000004
8,20,38.44587923445791,3397.0143927808076,38.93845568962817,1.6148179173469543,4.639359951019287,2.114817976951599,32,2,0.0016473441898054786,128,13,,,,,,,0.30000000000000004
8,21,35.85184126080207,3210.0015615787147,36.340043193889116,1.1960071921348572,3.0504305362701416,1.6946802735328674,32,2,0.0016473441898054786,128,13,,,,,,,0.30000000000000004
8,22,34.17468344490483,3037.8769876732017,34.658786953620194,0.7458864152431488,1.6686180233955383,1.2243435382843018,32,2,0.0016473441898054786,128,13,,,,,,,0.30000000000000004
8,23,32.79117908117906,2886.985257130749,33.27351091492851,0.47234365344047546,0.9846058487892151,0.9019017815589905,32,2,0.0016473441898054786,128,13,,,,,,,0.30000000000000004
8,24,31.62711550154776,2760.3562529941773,32.10967981590415,0.7819655239582062,1.772883117198944,1.2627801299095154,32,2,0.0016473441898054786,128,13,,,,,,,0.30000000000000004
8,25,30.610672392935122,2656.3002987267837,31.09196706088084,0.23023869842290878,0.4608786255121231,0.5971699953079224,32,2,0.0016473441898054786,128,13,,,,,,,0.30000000000000004
8,26,29.92336003285534,2577.1994905291863,30.404342687354898,0.3257078379392624,0.658615916967392,0.7192466557025909,32,2,0.0016473441898054786,128,13,,,,,,,0.30000000000000004
8,27,29.3334907315812,2520.563951024469,29.812470418102336,0.2781105190515518,0.5592886507511139,0.6571569442749023,32,2,0.0016473441898054786,128,13,,,,,,,0.30000000000000004
8,28,28.973467484960015,2484.644055636424,29.452052026424766,0.23206176608800888,0.46480080485343933,0.5973092019557953,32,2,0.0016473441898054786,128,13,,,,,,,0.30000000000000004
8,29,28.775894848805553,2464.416611005675,29.25415780409327,0.21128272265195847,0.4227936416864395,0.5694087147712708,32,2,0.0016473441898054786,128,13,,,,,,,0.30000000000000004
8,30,28.654570273633272,2456.717831017836,29.13338743965581,0.21217937022447586,0.4246080368757248,0.5705141127109528,32,2,0.0016473441898054786,128,13,,,,,,,0.30000000000000004
8,31,28.636611470636332,2454.5346357237618,29.114498426329416,0.21217937022447586,0.4246080368757248,0.5705141127109528,32,2,0.0016473441898054786,128,13,,,,,,,0.30000000000000004
8,32,28.61954825779177,2453.1886654260024,29.096168194177014,0.20745325833559036,0.4150935262441635,0.5639759600162506,32,2,0.0016473441898054786,128,13,,,,,,,0.30000000000000004
8,33,28.57730383243201,2445.536707464254,29.054967736298185,0.201200470328331,0.40253034234046936,0.5549272745847702,32,2,0.0016473441898054786,128,13,,,,,,,0.30000000000000004
8,34,28.366219358624154,2425.608537781913,28.84315918976406,0.17152904719114304,0.3430633097887039,0.5114905387163162,32,2,0.0016473441898054786,128,13,,,,,,,0.30000000000000004
8,35,28.047536993926425,2389.6396461342865,28.52708632990999,0.2135583832859993,0.4274822920560837,0.5707955360412598,32,2,0.0016473441898054786,128,13,,,,,,,0.30000000000000004
8,36,27.578522448269826,2337.3405024690446,28.057382259728772,0.10277335345745087,0.2055491954088211,0.39665573835372925,32,2,0.0016473441898054786,128,13,,,,,,,0.30000000000000004
8,37,26.91554978208722,2267.948610701651,27.393517116330706,0.11433230340480804,0.22866569459438324,0.4195299744606018,32,2,0.0016473441898054786,128,13,,,,,,,0.30000000000000004
8,38,26.137531694376243,2185.404401671212,26.614984116464292,0.1619800254702568,0.3286998122930527,0.4501621723175049,32,2,0.0016473441898054786,128,13,,,,,,,0.30000000000000004
8,39,25.279453403544874,2095.0305745826577,25.755750458195525,0.30379733443260193,0.6546536087989807,0.6228838860988617,32,2,0.0016473441898054786,128,13,,,,,,,0.30000000000000004
8,40,24.430312696492898,2002.746577424823,24.905596679111696,0.3526558429002762,0.7680543065071106,0.6909216046333313,32,2,0.0016473441898054786,128,13,,,,,,,0.30000000000000004
8,41,23.6084925813495,1913.9018773492778,24.0833913875076,0.45022164285182953,1.005187302827835,0.8234826624393463,32,2,0.0016473441898054786,128,13,,,,,,,0.30000000000000004
8,42,22.835327166431355,1828.8057107025722,23.309832950807966,0.375497505068779,0.8138827979564667,0.7273091375827789,32,2,0.0016473441898054786,128,13,,,,,,,0.30000000000000004
8,43,22.138732316359032,1751.9592866717644,22.612266018705547,0.4265437722206116,0.9375187754631042,0.7941263020038605,32,2,0.0016473441898054786,128,13,,,,,,,0.30000000000000004
8,44,21.47610443043259,1683.7375309782208,21.950025180600726,0.4659452736377716,1.0320457220077515,0.8446345925331116,32,2,0.0016473441898054786,128,13,,,,,,,0.30000000000000004
8,45,20.84836779900317,1627.591881518094,21.322017345788343,0.47965073585510254,1.0748667120933533,0.8580299615859985,32,2,0.0016473441898054786,128,13,,,,,,,0.30000000000000004
8,46,20.42412407893055,1584.655494258089,20.898231596316933,0.49463143944740295,1.112754464149475,0.8773807883262634,32,2,0.0016473441898054786,128,13,,,,,,,0.30000000000000004
8,47,20.141198608110535,1554.635119744067,20.614110127934868,0.5794365704059601,1.343895673751831,0.985472708940506,32,2,0.0016473441898054786,128,13,,,,,,,0.30000000000000004
8,48,19.98995185348223,1535.1683018522442,20.464693555292094,0.6161510050296783,1.4404979348182678,1.0337560772895813,32,2,0.0016473441898054786,128,13,,,,,,,0.30000000000000004
8,49,19.774886104295838,1522.6397399902344,20.246868241508054,0.6140479743480682,1.4368296265602112,1.028985857963562,32,2,0.0016473441898054786,128,13,,,,,,,0.30000000000000004
8,50,19.722280574294757,1518.909758081976,20.193908313535296,0.6170754432678223,1.4450267553329468,1.0331366658210754,32,2,0.0016473441898054786,128,13,,,,,,,0.30000000000000004
8,51,19.703971583888215,1517.808197309386,20.17618567088865,0.6170754432678223,1.4450267553329468,1.0331366658210754,32,2,0.0016473441898054786,128,13,,,,,,,0.30000000000000004
8,52,19.68831618327015,1516.4729792756855,20.158558251722802,0.6062774062156677,1.4152275323867798,1.019065499305725,32,2,0.0016473441898054786,128,13,,,,,,,0.30000000000000004
8,53,19.677929590333182,1512.9257225180572,20.150578822729724,0.605927050113678,1.4149346947669983,1.01856729388237,32,2,0.0016473441898054786,128,13,,,,,,,0.30000000000000004
8,54,19.602610714030714,1502.4403778651974,20.075974671345836,0.6370641887187958,1.4992695450782776,1.0588491559028625,32,2,0.0016473441898054786,128,13,,,,,,,0.30000000000000004
8,55,19.473473422932177,1482.5376365229768,19.947188071484835,0.6333826184272766,1.4927311539649963,1.0516175627708435,32,2,0.0016473441898054786,128,13,,,,,,,0.30000000000000004
8,56,19.111626328162426,1451.4163223842404,19.583986822164285,0.6881945133209229,1.6549676656723022,1.1184082627296448,32,2,0.0016473441898054786,128,13,,,,,,,0.30000000000000004
8,57,18.759921883637052,1411.2211548427365,19.231593203994464,0.7631373703479767,1.8719455003738403,1.2096399664878845,32,2,0.0016473441898054786,128,13,,,,,,,0.30000000000000004
8,58,18.31462804326471,1362.5169695008476,18.786565627691882,0.977952778339386,2.54343581199646,1.4561250805854797,32,2,0.0016473441898054786,128,13,,,,,,,0.30000000000000004
8,59,17.77016023419938,1308.6826894508217,18.24070222422762,0.8165063261985779,2.024342179298401,1.2730056047439575,32,2,0.0016473441898054786,128,13,,,,,,,0.30000000000000004
8,60,17.33565837932083,1252.7079816134471,17.80898123867107,0.919228196144104,2.3414958715438843,1.3900960683822632,32,2,0.0016473441898054786,128,13,,,,,,,0.30000000000000004
8,61,16.925064374815744,1201.132577284327,17.39779393178112,1.0400837659835815,2.7290884256362915,1.5210651755332947,32,2,0.0016473441898054786,128,13,,,,,,,0.30000000000000004
9,1,59.056561164136205,5867.7848522258255,59.556561092160784,0.20123373717069626,0.4024674743413925,0.5675889849662781,192,1,1.0823761814201953e-05,128,7,,,,,,,0.2
9,2,58.95250485978037,5856.038864423644,59.45250493175578,0.20193826407194138,0.40387652814388275,0.5685743093490601,192,1,1.0823761814201953e-05,128,7,,,,,,,0.2
9,3,58.85303346166071,5844.829815558667,59.35303346166071,0.20266468077898026,0.4053293615579605,0.5695944726467133,192,1,1.0823761814201953e-05,128,7,,,,,,,0.2
9,4,58.76194065022019,5834.5830078125,59.261940722195604,0.20334628969430923,0.40669257938861847,0.5705521404743195,192,1,1.0823761814201953e-05,128,7,,,,,,,0.2
9,5,58.68283642462964,5825.6989101193985,59.182836280678806,0.20393060892820358,0.40786121785640717,0.571372002363205,192,1,1.0823761814201953e-05,128,7,,,,,,,0.2
9,6,58.618650328438235,5818.500009212854,59.118650328438235,0.20438743382692337,0.40877486765384674,0.5720118284225464,192,1,1.0823761814201953e-05,128,7,,,,,,,0.2
9,7,58.571001520696676,5813.160741266214,59.071001520696676,0.20470687001943588,0.40941374003887177,0.5724585652351379,192,1,1.0823761814201953e-05,128,7,,,,,,,0.2
9,8,58.53967436304632,5809.652196344339,59.03967436304632,0.20489797741174698,0.40979595482349396,0.5727254748344421,192,1,1.0823761814201953e-05,128,7,,,,,,,0.2
9,9,58.52250369089954,5807.729220408313,59.02250369089954,0.20498604327440262,0.40997208654880524,0.5728484094142914,192,1,1.0823761814201953e-05,128,7,,,,,,,0.2
9,10,58.515670704391766,5806.963609227594,59.015670560440924,0.20500832051038742,0.41001664102077484,0.5728794932365417,192,1,1.0823761814201953e-05,128,7,,,,,,,0.2
9,11,58.514272653831625,5806.80686173349,59.014272653831625,0.20500832051038742,0.41001664102077484,0.5728794932365417,192,1,1.0823761814201953e-05,128,7,,,,,,,0.2
9,12,58.51294384362563,5806.658295253537,59.01294384362563,0.20503010600805283,0.41006021201610565,0.57290980219841,192,1,1.0823761814201953e-05,128,7,,,,,,,0.2
9,13,58.50638911409198,5805.92507186026,59.00638904211656,0.20511481910943985,0.4102296382188797,0.5730278491973877,192,1,1.0823761814201953e-05,128,7,,,,,,,0.2
9,14,58.48982238769531,5804.071611512382,58.989822531646155,0.20529933273792267,0.41059866547584534,0.5732848346233368,192,1,1.0823761814201953e-05,128,7,,,,,,,0.2
9,15,58.45930099487305,5800.657627321639,58.959300922897626,0.20561644434928894,0.4112328886985779,0.5737265348434448,192,1,1.0823761814201953e-05,128,7,,,,,,,0.2
9,16,58.411882796377505,5795.357965433373,58.911882796377505,0.20609748363494873,0.41219496726989746,0.5743969976902008,192,1,1.0823761814201953e-05,128,7,,,,,,,0.2
9,17,58.34554053252598,5787.952364939563,58.84554046055056,0.20677658915519714,0.4135531783103943,0.5753441751003265,192,1,1.0823761814201953e-05,128,7,,,,,,,0.2
9,18,58.25879078991008,5778.286294037441,58.75879078991008,0.2076956182718277,0.4153912365436554,0.5766272842884064,192,1,1.0823761814201953e-05,128,7,,,,,,,0.2
9,19,58.150266899252834,5766.22341170401,58.650266971228255,0.20890071243047714,0.4178014248609543,0.5783109366893768,192,1,1.0823761814201953e-05,128,7,,,,,,,0.2
9,20,58.01880487406029,5751.654098798644,58.518804370232345,0.2104191929101944,0.4208383858203888,0.5804318785667419,192,1,1.0823761814201953e-05,128,7,,,,,,,0.2
9,21,57.86462884579065,5734.624299823113,58.36460962835348,0.2122238352894783,0.4244476705789566,0.5829482674598694,192,1,1.0823761814201953e-05,128,7,,,,,,,0.2
9,22,57.691744174597396,5715.60373673349,58.19161872144015,0.21421706676483154,0.4284341335296631,0.5857199132442474,192,1,1.0823761814201953e-05,128,7,,,,,,,0.2
9,23,57.50966838620744,5695.639266104068,58.00924704209814,0.21625282615423203,0.43250565230846405,0.5885417461395264,192,1,1.0823761814201953e-05,128,7,,,,,,,0.2
9,24,57.331372027127244,5676.080520341981,57.830462833620466,0.21817149966955185,0.4363429993391037,0.5911930501461029,192,1,1.0823761814201953e-05,128,7,,,,,,,0.2
9,25,57.17083840999963,5658.392301739387,57.66969925502561,0.2198045775294304,0.4396091550588608,0.5934430658817291,192,1,1.0823761814201953e-05,128,7,,,,,,,0.2
9,26,57.039392363350345,5643.831579820165,57.53831258809792,0.22105944901704788,0.44211889803409576,0.5951673984527588,192,1,1.0823761814201953e-05,128,7,,,,,,,0.2
10,1,58.6421947208061,5823.784586395697,59.14219482928091,0.12886231672018766,0.25772463344037533,0.45259223505854607,32,1,2.2429140038000572e-05,32,10,,,,,,,0.4
10,2,58.50195621653191,5807.937431154658,59.00195623461104,0.12983762379735708,0.25967524759471416,0.45434750244021416,32,1,2.2429140038000572e-05,32,10,,,,,,,0.4
10,3,58.35207404909541,5791.026507192313,58.85207404909541,0.13085040263831615,0.2617008052766323,0.4561431407928467,32,1,2.2429140038000572e-05,32,10,,,,,,,0.4
10,4,58.201006324370326,5774.075877402066,58.701006360528595,0.13188784569501877,0.26377569139003754,0.4579583629965782,32,1,2.2429140038000572e-05,32,10,,,,,,,0.4
10,5,58.05047451037366,5756.903701565277,58.55047459172977,0.1328882034868002,0.2657764069736004,0.45969170331954956,32,1,2.2429140038000572e-05,32,10,,,,,,,0.4
10,6,57.82999033272549,5729.909231755406,58.32999027848809,0.13387731928378344,0.26775463856756687,0.46140119433403015,32,1,2.2429140038000572e-05,32,10,,,,,,,0.4
10,7,57.70421623844671,5715.165028070386,58.20421629268411,0.13465645350515842,0.26931290701031685,0.4627508856356144,32,1,2.2429140038000572e-05,32,10,,,,,,,0.4
10,8,57.64763796837974,5708.9160798420835,58.147637950300606,0.1351377796381712,0.2702755592763424,0.46358101442456245,32,1,2.2429140038000572e-05,32,10,,,,,,,0.4
10,9,57.61844236364862,5705.730452551096,58.118442309411215,0.1353634037077427,0.2707268074154854,0.46396927535533905,32,1,2.2429140038000572e-05,32,10,,,,,,,0.4
10,10,57.60709312402807,5704.495180247519,58.107093178265465,0.13542149122804403,0.27084298245608807,0.4640691578388214,32,1,2.2429140038000572e-05,32,10,,,,,,,0.4
10,11,57.60479961413343,5704.245341658027,58.10479963221256,0.13542149122804403,0.27084298245608807,0.4640691578388214,32,1,2.2429140038000572e-05,32,10,,,,,,,0.4
10,12,57.60255992582059,5704.0012999620485,58.102559853504054,0.13547888584434986,0.2709577716886997,0.46416785195469856,32,1,2.2429140038000572e-05,32,10,,,,,,,0.4
10,13,57.59161668027182,5702.80925154121,58.091616698350954,0.13570251315832138,0.27140502631664276,0.46455205231904984,32,1,2.2429140038000572e-05,32,10,,,,,,,0.4
10,14,57.56441354977576,5699.856569118409,58.06441344130096,0.13619370572268963,0.27238741144537926,0.46539728343486786,32,1,2.2429140038000572e-05,32,10,,,,,,,0.4
10,15,57.51540192156607,5694.5701719166545,58.01540009557353,0.1370471455156803,0.2740942910313606,0.46686702221632004,32,1,2.2429140038000572e-05,32,10,,,,,,,0.4
10,16,57.440797471322156,5686.563319201718,57.94078436395003,0.13835507072508335,0.2767101414501667,0.46910304203629494,32,1,2.2429140038000572e-05,32,10,,,,,,,0.4
10,17,57.33714961553637,5675.390675332309,57.837085895628725,0.1402108334004879,0.2804216668009758,0.47224311903119087,32,1,2.2429140038000572e-05,32,10,,,,,,,0.4
10,18,57.19526268294637,5659.5862348655955,57.69504736950047,0.14271142333745956,0.28542284667491913,0.4764174297451973,32,1,2.2429140038000572e-05,32,10,,,,,,,0.4
10,19,56.980568329869854,5634.693766083197,57.48001187220569,0.14591734670102596,0.2918346934020519,0.4817275404930115,32,1,2.2429140038000572e-05,32,10,,,,,,,0.4
10,20,56.694707780087725,5602.500219263737,57.19359147492178,0.1495610773563385,0.299122154712677,0.48778796941041946,32,1,2.2429140038000572e-05,32,10,,,,,,,0.4
10,21,56.43806539779591,5574.008368469527,56.9370320577757,0.15316697023808956,0.3063339404761791,0.49367981404066086,32,1,2.2429140038000572e-05,32,10,,,,,,,0.4
10,22,56.20640878541775,5548.312788687611,56.705479861435734,0.1567879794165492,0.3135759588330984,0.49948588758707047,32,1,2.2429140038000572e-05,32,10,,,,,,,0.4
10,23,55.9889571384231,5523.890129776362,56.48777899357945,0.1601720880717039,0.3203441761434078,0.5048178918659687,32,1,2.2429140038000572e-05,32,10,,,,,,,0.4
10,24,55.78191279913012,5499.634015847157,56.28074902719796,0.16307632718235254,0.3261526543647051,0.509324736893177,32,1,2.2429140038000572e-05,32,10,,,,,,,0.4
10,25,55.57578322785726,5475.77854536156,56.07478892972684,0.16553821600973606,0.3310764320194721,0.5130962543189526,32,1,2.2429140038000572e-05,32,10,,,,,,,0.4
10,26,55.4244604879081,5459.136936856672,55.923430790833386,0.1674197819083929,0.3348395638167858,0.5159735940396786,32,1,2.2429140038000572e-05,32,10,,,,,,,0.4
